{"cameraMode":{"drawMode":0,"name":"Shaded","section":"Shading Mode"},"sceneLighting":true,"audioPlay":false,"sceneViewState":{"m_AlwaysRefresh":false,"showFog":true,"showSkybox":false,"showFlares":true,"showImageEffects":true,"showParticleSystems":true,"showVisualEffectGraphs":true,"m_FxEnabled":true},"in2DMode":false,"pivot":{"x":232.8368377685547,"y":226.38963317871095,"z":86.46327209472656},"rotation":{"x":-0.07375919073820114,"y":0.33241504430770876,"z":-0.026088237762451173,"w":-0.9399577975273132},"size":112.42560577392578,"orthographic":false}